{
  "Wingsection": {
    "station1": {
      "SC": [
        0.0,
        0.0,
        0.0
      ],
      "E": 71000000000.0,
      "nu": 0.33,
      "A": 0.01716,
      "Iy": 0.00263177,
      "Iz": 0.00029243,
      "Iyz": 5.849e-05,
      "J": 0.00087008,
      "ky": 0.5,
      "kz": 0.5
    },
    "station2": {
      "SC": [
        0.062,
        0.7083,
        0.0
      ],
      "E": 71000000000.0,
      "nu": 0.33,
      "A": 0.015611,
      "Iy": 0.00215758,
      "Iz": 0.0002398,
      "Iyz": 4.796e-05,
      "J": 0.00071344,
      "ky": 0.5,
      "kz": 0.5
    },
    "station3": {
      "SC": [
        0.1239,
        1.4167,
        0.0
      ],
      "E": 71000000000.0,
      "nu": 0.33,
      "A": 0.014135,
      "Iy": 0.00175041,
      "Iz": 0.00019459,
      "Iyz": 3.892e-05,
      "J": 0.00057892,
      "ky": 0.5,
      "kz": 0.5
    },
    "station4": {
      "SC": [
        0.1859,
        2.125,
        0.0
      ],
      "E": 71000000000.0,
      "nu": 0.33,
      "A": 0.012731,
      "Iy": 0.00140366,
      "Iz": 0.00015609,
      "Iyz": 3.122e-05,
      "J": 0.00046435,
      "ky": 0.5,
      "kz": 0.5
    },
    "station5": {
      "SC": [
        0.2479,
        2.8333,
        0.0
      ],
      "E": 71000000000.0,
      "nu": 0.33,
      "A": 0.0114,
      "Iy": 0.00111103,
      "Iz": 0.00012359,
      "Iyz": 2.472e-05,
      "J": 0.00036764,
      "ky": 0.5,
      "kz": 0.5
    },
    "station6": {
      "SC": [
        0.3099,
        3.5417,
        0.0
      ],
      "E": 71000000000.0,
      "nu": 0.33,
      "A": 0.010141,
      "Iy": 0.00086661,
      "Iz": 9.643e-05,
      "Iyz": 1.929e-05,
      "J": 0.00028685,
      "ky": 0.5,
      "kz": 0.5
    },
    "station7": {
      "SC": [
        0.3718,
        4.25,
        0.0
      ],
      "E": 71000000000.0,
      "nu": 0.33,
      "A": 0.008955,
      "Iy": 0.0006648,
      "Iz": 7.401e-05,
      "Iyz": 1.48e-05,
      "J": 0.00022012,
      "ky": 0.5,
      "kz": 0.5
    },
    "station8": {
      "SC": [
        0.4338,
        4.9583,
        0.0
      ],
      "E": 71000000000.0,
      "nu": 0.33,
      "A": 0.007841,
      "Iy": 0.00050035,
      "Iz": 5.573e-05,
      "Iyz": 1.115e-05,
      "J": 0.00016574,
      "ky": 0.5,
      "kz": 0.5
    },
    "station9": {
      "SC": [
        0.4958,
        5.6667,
        0.0
      ],
      "E": 71000000000.0,
      "nu": 0.33,
      "A": 0.0068,
      "Iy": 0.00036837,
      "Iz": 4.105e-05,
      "Iyz": 8.21e-06,
      "J": 0.00012208,
      "ky": 0.5,
      "kz": 0.5
    },
    "station10": {
      "SC": [
        0.5577,
        6.375,
        0.0
      ],
      "E": 71000000000.0,
      "nu": 0.33,
      "A": 0.005831,
      "Iy": 0.00026428,
      "Iz": 2.947e-05,
      "Iyz": 5.89e-06,
      "J": 8.763e-05,
      "ky": 0.5,
      "kz": 0.5
    },
    "station11": {
      "SC": [
        0.6197,
        7.0833,
        0.0
      ],
      "E": 71000000000.0,
      "nu": 0.33,
      "A": 0.004935,
      "Iy": 0.00018388,
      "Iz": 2.052e-05,
      "Iyz": 4.1e-06,
      "J": 6.101e-05,
      "ky": 0.5,
      "kz": 0.5
    },
    "station12": {
      "SC": [
        0.6817,
        7.7917,
        0.0
      ],
      "E": 71000000000.0,
      "nu": 0.33,
      "A": 0.004111,
      "Iy": 0.00012329,
      "Iz": 1.377e-05,
      "Iyz": 2.75e-06,
      "J": 4.094e-05,
      "ky": 0.5,
      "kz": 0.5
    },
    "station13": {
      "SC": [
        0.7437,
        8.5,
        0.0
      ],
      "E": 71000000000.0,
      "nu": 0.33,
      "A": 0.00336,
      "Iy": 7.897e-05,
      "Iz": 8.83e-06,
      "Iyz": 1.77e-06,
      "J": 2.625e-05,
      "ky": 0.5,
      "kz": 0.5
    }
  }
}
